priority_rank	quality_score	priority_reason	missing_fields	name	type	country	location	bio	current_linkedin	current_email	current_twitter	current_website	current_portfolio	linkedin_query	source_query	email_query	linkedin_to_fill	email_to_fill	website_to_fill	twitter_to_fill	source_url	review_status	notes	id
1	65	operator_or_partner: important but missing contact data	portfolio, website, linkedin_url, email, verified, contact_source	Crystal Rose	angel	Canada	Toronto	Co-founder of Sensay. Angel investor in AI and creator economy.			https://twitter.com/crystalrose			"site:linkedin.com/in ""Crystal Rose"" investor"	"""Crystal Rose"" investor official"	"""Crystal Rose"" email investor"								b02ad964-4fef-4a6e-bdd0-244c870bb486
2	65	operator_or_partner: important but missing contact data	portfolio, website, linkedin_url, email, verified, contact_source	Maximilian Fleitmann	angel	Germany	Berlin	Co-founder of BaseTemplates. Angel in German SaaS and productivity tools.			https://twitter.com/maxfleit			"site:linkedin.com/in ""Maximilian Fleitmann"" investor"	"""Maximilian Fleitmann"" investor official"	"""Maximilian Fleitmann"" email investor"								3cdcc71d-c3c0-4f48-bc8d-fe22fe41ff74
3	65	operator_or_partner: important but missing contact data	portfolio, website, linkedin_url, email, verified, contact_source	Angie Chang	angel	USA	San Francisco, CA	Co-founder of Women 2.0 and Hackbright Academy. Angel in female founder startups.			https://twitter.com/thisgirlangie			"site:linkedin.com/in ""Angie Chang"" investor"	"""Angie Chang"" investor official"	"""Angie Chang"" email investor"								f2abd01d-dbd3-4f05-a680-fb60aa967eb5
4	70	large_check_size: important but missing contact data	portfolio, website, linkedin_url, email, contact_source	Mercedes Bent	vc	USA	Menlo Park, CA	Partner at Lightspeed. Expert in future of work and education tech.			https://twitter.com/mercyabent			"site:linkedin.com/in ""Mercedes Bent"" ""Lightspeed"""	"""Mercedes Bent"" ""Lightspeed"" investor"	"""Mercedes Bent"" email investor"								0095bfff-b055-4bcb-ac23-940b26f2721f
5	70	large_check_size: important but missing contact data	portfolio, website, linkedin_url, email, contact_source	Rebecca Kaden	vc	USA	New York, NY	Managing Partner at USV. Consumer and marketplace expert. Former Maverick Capital.			https://twitter.com/rebeccakaden			"site:linkedin.com/in ""Rebecca Kaden"" ""USV"""	"""Rebecca Kaden"" ""USV"" investor"	"""Rebecca Kaden"" email investor"								59a798c4-bf23-4fdd-84d0-95ee63905678
6	70	large_check_size: important but missing contact data	portfolio, website, linkedin_url, email, contact_source	Lars Fjeldsoe-Nielsen	vc	UK	London	General Partner at Balderton Capital. Former VP Mobile at Dropbox and WhatsApp.			https://twitter.com/larsfn			"site:linkedin.com/in ""Lars Fjeldsoe-Nielsen"" ""Balderton Capital"""	"""Lars Fjeldsoe-Nielsen"" ""Balderton Capital"" investor"	"""Lars Fjeldsoe-Nielsen"" email investor"								c4b56dcb-9d8c-43f6-b487-bde5b1c7f32b
7	70	large_check_size: important but missing contact data	portfolio, website, linkedin_url, email, contact_source	Jigar Shah	vc	USA	Washington, DC	Co-founder of Generate Capital. Former DOE Loans chief. Clean energy finance expert.			https://twitter.com/JigarShahDC			"site:linkedin.com/company ""Jigar Shah"""	"""Jigar Shah"" investor official"	"""Jigar Shah"" email investor"								4a9a158d-202d-4914-97dd-5f5ba04c32e8
8	70	large_check_size: important but missing contact data	portfolio, website, linkedin_url, email, contact_source	Shahin Farshchi	vc	USA	Menlo Park, CA	Partner at Lux Capital. PhD from UCLA. Expert in robotics, autonomy, and hard tech.			https://twitter.com/farshchi			"site:linkedin.com/in ""Shahin Farshchi"" ""Lux Capital"""	"""Shahin Farshchi"" ""Lux Capital"" investor"	"""Shahin Farshchi"" email investor"								c9e1cca9-f1dd-4695-be95-c3225c4b0297
9	70	large_check_size: important but missing contact data	portfolio, website, linkedin_url, email, contact_source	Adeyemi Ajao	vc	USA	San Francisco, CA	Co-founder of Base10 Partners. Expert in automation and future of work. African-American led fund.			https://twitter.com/ayemib			"site:linkedin.com/company ""Adeyemi Ajao"""	"""Adeyemi Ajao"" investor official"	"""Adeyemi Ajao"" email investor"								333ea1b6-0dc8-4760-8de3-71616300bcdc
10	70	large_check_size: important but missing contact data	portfolio, website, linkedin_url, email, contact_source	John Curtius	vc	USA	New York, NY	Former Partner at Tiger Global. Led many of Tiger's best SaaS investments. Now solo GP.			https://twitter.com/johncurtius			"site:linkedin.com/in ""John Curtius"" ""Tiger Global"""	"""John Curtius"" ""Tiger Global"" investor"	"""John Curtius"" email investor"								76f1d8fe-6dc8-4580-86e0-862588f1c59b
11	70	large_check_size: important but missing contact data	portfolio, website, linkedin_url, email, contact_source	Tyler Sosin	vc	USA	Menlo Park, CA	Partner at Menlo Ventures. Expert in AI and next-generation enterprise software.			https://twitter.com/tylersosin			"site:linkedin.com/in ""Tyler Sosin"" ""Menlo Ventures"""	"""Tyler Sosin"" ""Menlo Ventures"" investor"	"""Tyler Sosin"" email investor"								0290f6f4-7f4d-424d-b0e2-266e7f5199a1
12	70	large_check_size: important but missing contact data	portfolio, website, linkedin_url, email, contact_source	Nina Kjellson	vc	USA	Westport, CT	General Partner at Canaan. Expert in digital health and consumer health tech.			https://twitter.com/ninakjellson			"site:linkedin.com/in ""Nina Kjellson"" ""Canaan"""	"""Nina Kjellson"" ""Canaan"" investor"	"""Nina Kjellson"" email investor"								d066a22f-3fd8-4e7e-a14a-77db9bb3ec77
13	70	large_check_size: important but missing contact data	portfolio, website, linkedin_url, email, contact_source	Kai-Fu Lee	vc	China	Beijing	Founder of Sinovation Ventures. Former Google China president. AI thought leader and investor.			https://twitter.com/kaifulee			"site:linkedin.com/company ""Kai-Fu Lee"""	"""Kai-Fu Lee"" investor official"	"""Kai-Fu Lee"" email investor"								57514f00-f53a-42c7-8953-299cfe12c40d
14	70	large_check_size: important but missing contact data	portfolio, website, linkedin_url, email, contact_source	Avichal Garg	vc	USA	San Francisco, CA	Co-founder of Electric Capital. Expert in crypto developer ecosystems.			https://twitter.com/avichal			"site:linkedin.com/company ""Avichal Garg"""	"""Avichal Garg"" investor official"	"""Avichal Garg"" email investor"								da61a297-35f4-4b92-9391-8c0aab5524fa
15	70	large_check_size: important but missing contact data	portfolio, website, linkedin_url, email, contact_source	Niki Pezeshki	vc	USA	Menlo Park, CA	Partner at Felicis Ventures. Expert in developer-first and infrastructure companies.			https://twitter.com/nikipezeshki			"site:linkedin.com/in ""Niki Pezeshki"" ""Felicis Ventures"""	"""Niki Pezeshki"" ""Felicis Ventures"" investor"	"""Niki Pezeshki"" email investor"								98e65a55-ea35-49cb-8d7c-52c8a9537c19
16	70	large_check_size: important but missing contact data	portfolio, website, linkedin_url, email, contact_source	Lynne Chou O'Keefe	vc	USA	Menlo Park, CA	Founder of Define Ventures. Expert in healthcare services and digital health.			https://twitter.com/lynne_ok			"site:linkedin.com/company ""Lynne Chou O'Keefe"""	"""Lynne Chou O'Keefe"" investor official"	"""Lynne Chou O'Keefe"" email investor"								1868e93e-2fac-4e46-9dff-74cf6a9e22dc
17	70	large_check_size: important but missing contact data	portfolio, website, linkedin_url, email, contact_source	Kara Nortman	vc	USA	Los Angeles, CA	Managing Partner at Upfront Ventures. Expert in consumer, games, and future of work.			https://twitter.com/karanortman			"site:linkedin.com/in ""Kara Nortman"" ""Upfront Ventures"""	"""Kara Nortman"" ""Upfront Ventures"" investor"	"""Kara Nortman"" email investor"								51c1ac43-7af1-4583-bfb7-3dca7a665e63
18	70	large_check_size: important but missing contact data	portfolio, website, linkedin_url, email, contact_source	Erica Brescia	vc	USA	Menlo Park, CA	Partner at Redpoint Ventures. Former COO of GitHub. Open source and dev tools expert.			https://twitter.com/ericabrescia			"site:linkedin.com/in ""Erica Brescia"" ""Redpoint Ventures"""	"""Erica Brescia"" ""Redpoint Ventures"" investor"	"""Erica Brescia"" email investor"								d01e8bd2-d8a1-4233-bbe3-4e3c8932acc0
19	70	large_check_size: important but missing contact data	portfolio, website, linkedin_url, email, contact_source	Jocelyn Goldfein	vc	USA	Menlo Park, CA	Managing Director at Zetta. Former Facebook and VMware. Expert in AI product.			https://twitter.com/jgoldfein			"site:linkedin.com/in ""Jocelyn Goldfein"" ""Zetta"""	"""Jocelyn Goldfein"" ""Zetta"" investor"	"""Jocelyn Goldfein"" email investor"								a7c67932-f85b-4b4c-8083-3364cc896a13
20	70	large_check_size: important but missing contact data	portfolio, website, linkedin_url, email, contact_source	Tom Hulme	vc	UK	London	General Partner at GV (Google Ventures). Design thinker and consumer expert.			https://twitter.com/thulme			"site:linkedin.com/company ""Tom Hulme"""	"""Tom Hulme"" investor official"	"""Tom Hulme"" email investor"								8fb143eb-21e5-46ef-8a88-0fb108d0c732
21	70	operator_or_partner: important but missing contact data	portfolio, website, linkedin_url, email, contact_source	Gustaf Alströmer	angel	USA	San Francisco, CA	YC Partner. Former Growth PM at Airbnb. Expert in growth and consumer products.			https://twitter.com/gustaf			"site:linkedin.com/in ""Gustaf Alströmer"" ""Airbnb"""	"""Gustaf Alströmer"" ""Airbnb"" investor"	"""Gustaf Alströmer"" email investor"								47ac8ce7-cdcb-4c86-bc61-b6266e2c8c24
22	70	operator_or_partner: important but missing contact data	portfolio, website, linkedin_url, email, contact_source	Sophia Bendz	vc	Sweden	Stockholm	Partner at Cherry Ventures. Former Global Head of Marketing at Spotify. Consumer expert.			https://twitter.com/sophiabendz			"site:linkedin.com/in ""Sophia Bendz"" ""Cherry Ventures"""	"""Sophia Bendz"" ""Cherry Ventures"" investor"	"""Sophia Bendz"" email investor"								850465e5-80e5-41c0-8670-101986858797
23	70	operator_or_partner: important but missing contact data	portfolio, website, linkedin_url, email, contact_source	Felix Haas	angel	Germany	Munich	Co-founder of Auctionata and IDnow. Partner at 10x Founders. Serial entrepreneur and angel.			https://twitter.com/felixhaas			"site:linkedin.com/in ""Felix Haas"" investor"	"""Felix Haas"" investor official"	"""Felix Haas"" email investor"								85c483cf-e02f-4e79-ba68-39862982e023
24	70	operator_or_partner: important but missing contact data	portfolio, website, linkedin_url, email, contact_source	Paul Santos	vc	Singapore	Singapore	Managing Partner at Wavemaker Partners. Expert in B2B SaaS and deep tech in SEA.			https://twitter.com/paulsantos			"site:linkedin.com/in ""Paul Santos"" ""Wavemaker Partners"""	"""Paul Santos"" ""Wavemaker Partners"" investor"	"""Paul Santos"" email investor"								3c7e61cb-e139-4fb1-afc0-cc5d436dba35
25	70	operator_or_partner: important but missing contact data	portfolio, website, linkedin_url, email, contact_source	Peng T. Ong	vc	Singapore	Singapore	Managing Partner at Monk's Hill Ventures. Serial entrepreneur. Expert in enterprise SaaS.			https://twitter.com/ptong			"site:linkedin.com/company ""Peng T. Ong"""	"""Peng T. Ong"" investor official"	"""Peng T. Ong"" email investor"								18a21cd8-0a70-469b-83d3-e0d8b21a58e0
26	70	operator_or_partner: important but missing contact data	portfolio, website, linkedin_url, email, contact_source	Joelle Emerson	angel	USA	San Francisco, CA	Founder and CEO of Paradigm. Angel investor in DEI-focused and inclusive tech.			https://twitter.com/joelleemerson			"site:linkedin.com/in ""Joelle Emerson"" investor"	"""Joelle Emerson"" investor official"	"""Joelle Emerson"" email investor"								9c83ba8c-c214-4b5b-a198-5d88d49f9f9b
27	70	operator_or_partner: important but missing contact data	portfolio, website, linkedin_url, email, contact_source	Sukhinder Singh Cassidy	angel	USA	San Francisco, CA	Founder of theBoardlist. Former CEO of StubHub. Angel investor in consumer and tech.			https://twitter.com/sukhindersc			"site:linkedin.com/in ""Sukhinder Singh Cassidy"" investor"	"""Sukhinder Singh Cassidy"" investor official"	"""Sukhinder Singh Cassidy"" email investor"								d78c7101-eb43-40cd-afce-36c9c6c0d1c4
28	70	operator_or_partner: important but missing contact data	portfolio, website, linkedin_url, email, contact_source	Nisha Dua	vc	USA	New York, NY	General Partner at BBG Ventures. Invests in female-founded consumer and tech companies.			https://twitter.com/nishadua			"site:linkedin.com/in ""Nisha Dua"" ""BBG Ventures"""	"""Nisha Dua"" ""BBG Ventures"" investor"	"""Nisha Dua"" email investor"								4d28a6b5-3563-47d4-8d16-066c62cce02e
29	70	operator_or_partner: important but missing contact data	portfolio, website, linkedin_url, email, contact_source	Kim-Mai Cutler	vc	USA	San Francisco, CA	Partner at Initialized Capital. Former journalist at TechCrunch. Expert in housing and urban tech.			https://twitter.com/kimmaicutler			"site:linkedin.com/in ""Kim-Mai Cutler"" ""Initialized Capital"""	"""Kim-Mai Cutler"" ""Initialized Capital"" investor"	"""Kim-Mai Cutler"" email investor"								1f63cbdd-0723-4212-a0db-da594d9b0857
30	70	operator_or_partner: important but missing contact data	portfolio, website, linkedin_url, email, contact_source	Alexia Bonatsos	vc	USA	San Francisco, CA	Founder of Dream Machine VC. Former TechCrunch editor. Invests in next-generation internet.			https://twitter.com/alexia			"site:linkedin.com/company ""Alexia Bonatsos"""	"""Alexia Bonatsos"" investor official"	"""Alexia Bonatsos"" email investor"								6e97634f-76d4-4b89-93c0-686d32704674
31	70	operator_or_partner: important but missing contact data	portfolio, website, linkedin_url, email, contact_source	Nihal Mehta	vc	USA	New York, NY	Founding General Partner at Eniac Ventures. Mobile ad pioneer. Angel in mobile-first startups.			https://twitter.com/nihalmehta			"site:linkedin.com/in ""Nihal Mehta"" ""Eniac Ventures"""	"""Nihal Mehta"" ""Eniac Ventures"" investor"	"""Nihal Mehta"" email investor"								c0f325a2-c0c9-40b8-a139-9902f00f6b32
32	70	operator_or_partner: important but missing contact data	portfolio, website, linkedin_url, email, contact_source	Turner Novak	angel	USA	New York, NY	Founder of Banana Capital. Expert in consumer, gaming, and creator economy. Active tweeter/analyst.			https://twitter.com/TurnerNovak			"site:linkedin.com/in ""Turner Novak"" investor"	"""Turner Novak"" investor official"	"""Turner Novak"" email investor"								33cb1d5d-bc6c-4662-ba87-46b1a5e94706
33	70	operator_or_partner: important but missing contact data	portfolio, website, linkedin_url, email, contact_source	Harry Stebbings	angel	UK	London	Founder of 20VC and 20Growth. Active angel investor. One of the most networked people in VC.			https://twitter.com/HarryStebbings			"site:linkedin.com/in ""Harry Stebbings"" investor"	"""Harry Stebbings"" investor official"	"""Harry Stebbings"" email investor"								8fda1fc7-2a88-411c-859b-8ce1b2119cef
34	70	operator_or_partner: important but missing contact data	portfolio, website, linkedin_url, email, contact_source	Linda Xie	vc	USA	San Francisco, CA	Co-founder of Scalar Capital. Former product manager at Coinbase. Crypto and DeFi expert.			https://twitter.com/ljxie			"site:linkedin.com/in ""Linda Xie"" ""Coinbase"""	"""Linda Xie"" ""Coinbase"" investor"	"""Linda Xie"" email investor"								a18f14df-4324-45c7-9228-c7038fcc66c0
35	70	operator_or_partner: important but missing contact data	portfolio, website, linkedin_url, email, contact_source	Sanjay Mehta	angel	India	Mumbai	Founder of 100X.VC. Most active angel investor in India with 100+ investments.			https://twitter.com/sanjaymehta1000			"site:linkedin.com/in ""Sanjay Mehta"" investor"	"""Sanjay Mehta"" investor official"	"""Sanjay Mehta"" email investor"								404176c6-ffbd-4941-8aa4-1ead480ff406
36	70	operator_or_partner: important but missing contact data	portfolio, website, linkedin_url, email, contact_source	Vikram Malhotra	vc	India	Hyderabad	Founding Partner at Anthill Ventures. Expert in Indian B2B SaaS and enterprise.			https://twitter.com/vimalhotra			"site:linkedin.com/in ""Vikram Malhotra"" ""Anthill Ventures"""	"""Vikram Malhotra"" ""Anthill Ventures"" investor"	"""Vikram Malhotra"" email investor"								a430660f-456e-4dae-9668-6c92292e768a
37	70	operator_or_partner: important but missing contact data	portfolio, website, linkedin_url, email, contact_source	Mbwana Alliy	vc	Kenya	Nairobi	Co-founder of Savannah Fund. Pioneer in East African tech investing. Backed 60+ startups.			https://twitter.com/mbwana			"site:linkedin.com/company ""Mbwana Alliy"""	"""Mbwana Alliy"" investor official"	"""Mbwana Alliy"" email investor"								4ffb6610-ab10-4ef7-8135-dd0ac1fa2eee
38	70	operator_or_partner: important but missing contact data	portfolio, website, linkedin_url, email, contact_source	Simeon Simeonov	angel	USA	Boston, MA	Founder of FastIgnite and angel in digital health and enterprise AI.			https://twitter.com/simeons			"site:linkedin.com/in ""Simeon Simeonov"" investor"	"""Simeon Simeonov"" investor official"	"""Simeon Simeonov"" email investor"								df10cad6-568c-4bc5-a0c2-f95183edf50b
39	70	operator_or_partner: important but missing contact data	portfolio, website, linkedin_url, email, contact_source	Unity Stoakes	vc	USA	New York, NY	Co-founder of StartUp Health. Expert in health innovation and digital health startups.			https://twitter.com/unitystoakes			"site:linkedin.com/company ""Unity Stoakes"""	"""Unity Stoakes"" investor official"	"""Unity Stoakes"" email investor"								c4ee9c56-b950-40d4-8b28-a9e424afd304
40	70	operator_or_partner: important but missing contact data	portfolio, website, linkedin_url, email, contact_source	Ryan Craig	vc	USA	New York, NY	Managing Partner at Achieve Partners. Expert in workforce training and alternative education.			https://twitter.com/ryancraig9			"site:linkedin.com/in ""Ryan Craig"" ""Achieve Partners"""	"""Ryan Craig"" ""Achieve Partners"" investor"	"""Ryan Craig"" email investor"								590734af-509f-45e3-a122-6916243c5fb1
41	70	operator_or_partner: important but missing contact data	portfolio, website, linkedin_url, email, contact_source	Renata Quintini	vc	USA	San Francisco, CA	Co-founder of Renegade Partners. Former partner at Lux Capital. Deep tech specialist.			https://twitter.com/quintini			"site:linkedin.com/in ""Renata Quintini"" ""Lux Capital"""	"""Renata Quintini"" ""Lux Capital"" investor"	"""Renata Quintini"" email investor"								0f8e8009-758a-4128-9490-2f6326598ab4
42	70	operator_or_partner: important but missing contact data	portfolio, website, linkedin_url, email, contact_source	Clelia Warburg Peters	vc	USA	New York, NY	Managing Partner at Era Ventures. Expert in proptech and real estate technology.			https://twitter.com/cleliaWP			"site:linkedin.com/in ""Clelia Warburg Peters"" ""Era Ventures"""	"""Clelia Warburg Peters"" ""Era Ventures"" investor"	"""Clelia Warburg Peters"" email investor"								c51494fe-a084-4f43-adb0-6d3506e77068
43	70	operator_or_partner: important but missing contact data	portfolio, website, linkedin_url, email, contact_source	Nik Milanovic	angel	USA	San Francisco, CA	Founder of This Week in Fintech. Active angel in fintech and payments startups.			https://twitter.com/NikMilanovic			"site:linkedin.com/in ""Nik Milanovic"" investor"	"""Nik Milanovic"" investor official"	"""Nik Milanovic"" email investor"								afd0bac0-25bc-496e-8495-c17cc5d85a74
44	70	operator_or_partner: important but missing contact data	portfolio, website, linkedin_url, email, contact_source	Sheel Mohnot	vc	USA	San Francisco, CA	Co-founder of Better Tomorrow Ventures. Fintech-focused seed fund. Former YC partner.			https://twitter.com/pitdesi			"site:linkedin.com/company ""Sheel Mohnot"""	"""Sheel Mohnot"" investor official"	"""Sheel Mohnot"" email investor"								4596bd82-22ea-4445-9d46-2f115ecced9b
45	70	operator_or_partner: important but missing contact data	portfolio, website, linkedin_url, email, contact_source	Ash Fontana	vc	USA	San Francisco, CA	Managing Director at Zetta Venture Partners. First book on AI-first companies. Expert in enterprise AI.			https://twitter.com/ashfontana			"site:linkedin.com/in ""Ash Fontana"" ""Zetta Venture Partners"""	"""Ash Fontana"" ""Zetta Venture Partners"" investor"	"""Ash Fontana"" email investor"								890a0683-55e6-4e4f-a4ab-ef5c4cc8316d
46	70	operator_or_partner: important but missing contact data	portfolio, website, linkedin_url, email, contact_source	James Cham	vc	USA	San Francisco, CA	Partner at Bloomberg Beta. Expert in AI and the future of work. Author of AI roundup.			https://twitter.com/jamescham			"site:linkedin.com/in ""James Cham"" ""Bloomberg Beta"""	"""James Cham"" ""Bloomberg Beta"" investor"	"""James Cham"" email investor"								438603e0-9a90-41e4-9004-c1044160b768
47	70	operator_or_partner: important but missing contact data	portfolio, website, linkedin_url, email, contact_source	Nathan Benaich	vc	UK	London	General Partner at Air Street Capital. Focuses exclusively on AI/ML research and products.			https://twitter.com/nathanbenaich			"site:linkedin.com/in ""Nathan Benaich"" ""Air Street Capital"""	"""Nathan Benaich"" ""Air Street Capital"" investor"	"""Nathan Benaich"" email investor"								09cd0671-eb32-4d41-b104-55d6e6c6308f
48	70	operator_or_partner: important but missing contact data	portfolio, website, linkedin_url, email, contact_source	David Teten	angel	USA	New York, NY	Founder of Versatile VC. Professor at Columbia. Expert in VC innovation and new models.			https://twitter.com/dteten			"site:linkedin.com/in ""David Teten"" ""Columbia"""	"""David Teten"" ""Columbia"" investor"	"""David Teten"" email investor"								5f96fad4-d62a-4516-8de4-ebaac054c6ff
49	70	operator_or_partner: important but missing contact data	portfolio, website, linkedin_url, email, contact_source	Anthony Pompliano	angel	USA	Los Angeles, CA	Founder of Pomp Investments. Bitcoin maximalist. Angel in fintech and crypto.			https://twitter.com/APompliano			"site:linkedin.com/in ""Anthony Pompliano"" investor"	"""Anthony Pompliano"" investor official"	"""Anthony Pompliano"" email investor"								b303ba3e-7b09-498e-b879-89ad37830b9b
50	70	operator_or_partner: important but missing contact data	portfolio, website, linkedin_url, email, contact_source	Packy McCormick	angel	USA	New York, NY	Founder of Not Boring Capital. Writer and angel in ambitious, high-growth internet companies.			https://twitter.com/packym			"site:linkedin.com/in ""Packy McCormick"" investor"	"""Packy McCormick"" investor official"	"""Packy McCormick"" email investor"								13e7e691-a0e1-4d3d-831a-9dbedb6eb953
51	70	operator_or_partner: important but missing contact data	portfolio, website, linkedin_url, email, contact_source	Mathias Ockenfels	vc	Germany	Hamburg	Founder of Possible Ventures. Expert in deep tech and impact in Europe.			https://twitter.com/mathiasOckenfels			"site:linkedin.com/company ""Mathias Ockenfels"""	"""Mathias Ockenfels"" investor official"	"""Mathias Ockenfels"" email investor"								3eccfe5c-157b-45bd-ab93-043b51b2cdd3
52	70	operator_or_partner: important but missing contact data	portfolio, website, linkedin_url, email, contact_source	Richard Kerby	vc	USA	New York, NY	Co-founder of Equal Ventures. Former Venrock. Expert in diversity-focused VC.			https://twitter.com/kerby			"site:linkedin.com/company ""Richard Kerby"""	"""Richard Kerby"" investor official"	"""Richard Kerby"" email investor"								147d9121-01fb-476f-804f-797d5d42ab23
53	70	operator_or_partner: important but missing contact data	portfolio, website, linkedin_url, email, contact_source	Bryce Roberts	vc	USA	Salt Lake City, UT	Co-founder of Indie.vc. Champion of bootstrapped and profitable startups.			https://twitter.com/bryce			"site:linkedin.com/company ""Bryce Roberts"""	"""Bryce Roberts"" investor official"	"""Bryce Roberts"" email investor"								809a65c5-c3d7-4be6-9f3a-2434bfed5d64
54	70	operator_or_partner: important but missing contact data	portfolio, website, linkedin_url, email, contact_source	Alda Leu Dennis	vc	USA	San Francisco, CA	General Partner at Initialized Capital. Expert in enterprise and developer infrastructure.			https://twitter.com/aldald			"site:linkedin.com/in ""Alda Leu Dennis"" ""Initialized Capital"""	"""Alda Leu Dennis"" ""Initialized Capital"" investor"	"""Alda Leu Dennis"" email investor"								7d392f76-0c6d-41b3-a4f2-fa82b9ce3586
55	70	operator_or_partner: important but missing contact data	portfolio, website, linkedin_url, email, contact_source	Stephan Morais	vc	Portugal	Lisbon	Managing General Partner at Indico Capital. Expert in Southern European tech ecosystem.			https://twitter.com/stephanmorais			"site:linkedin.com/in ""Stephan Morais"" ""Indico Capital"""	"""Stephan Morais"" ""Indico Capital"" investor"	"""Stephan Morais"" email investor"								8a89c6cd-7b65-4567-b03d-f164f0ce73f8
56	70	operator_or_partner: important but missing contact data	portfolio, website, linkedin_url, email, contact_source	Santiago Zavala	vc	Mexico	Mexico City	Partner at 500 Mexico. Expert in Mexican and LATAM startup ecosystem.			https://twitter.com/santiagozavala			"site:linkedin.com/company ""Santiago Zavala"""	"""Santiago Zavala"" investor official"	"""Santiago Zavala"" email investor"								725544f1-e9f2-4a42-b10d-6f2cde29654b
57	70	operator_or_partner: important but missing contact data	portfolio, website, linkedin_url, email, contact_source	Zachariah George	vc	Kenya	Nairobi	Co-founder of Launch Africa. Expert in pan-African early-stage investing.			https://twitter.com/zachariah_g			"site:linkedin.com/company ""Zachariah George"""	"""Zachariah George"" investor official"	"""Zachariah George"" email investor"								d77defa3-8a60-4413-824a-da1199d7d4e4
58	70	operator_or_partner: important but missing contact data	portfolio, website, linkedin_url, email, contact_source	Sophie Bakalar	vc	USA	New York, NY	Partner at Collaborative Fund. Expert in consumer and impact investing.			https://twitter.com/sophiebakalar			"site:linkedin.com/in ""Sophie Bakalar"" ""Collaborative Fund"""	"""Sophie Bakalar"" ""Collaborative Fund"" investor"	"""Sophie Bakalar"" email investor"								b5cb8fb9-eaf8-4e29-9fad-6d0fb3c2b2cd
59	70	operator_or_partner: important but missing contact data	portfolio, website, linkedin_url, email, contact_source	Brianne Kimmel	vc	USA	San Francisco, CA	Founder of Worklife Ventures. Expert in future of work and SMB SaaS. Former Zendesk.			https://twitter.com/briannekimmel			"site:linkedin.com/company ""Brianne Kimmel"""	"""Brianne Kimmel"" investor official"	"""Brianne Kimmel"" email investor"								8cc09d09-5edf-4215-ad32-86fed3b2a3f2
60	70	operator_or_partner: important but missing contact data	portfolio, website, linkedin_url, email, contact_source	Ali Hamed	angel	USA	New York, NY	Co-founder of CoVenture. Expert in alternative assets and fintech. Active angel.			https://twitter.com/ali_hamed			"site:linkedin.com/in ""Ali Hamed"" investor"	"""Ali Hamed"" investor official"	"""Ali Hamed"" email investor"								b440cfb5-cc86-48c6-88f0-7c7b9831b85e
61	70	operator_or_partner: important but missing contact data	portfolio, website, linkedin_url, email, contact_source	Lo Toney	vc	USA	San Francisco, CA	Founding Managing Partner at Plexo Capital. LP-led fund of funds. Underrepresented founders focus.			https://twitter.com/lotoney			"site:linkedin.com/in ""Lo Toney"" ""Plexo Capital"""	"""Lo Toney"" ""Plexo Capital"" investor"	"""Lo Toney"" email investor"								c91e3ddc-2991-4544-8394-83dd53ce4d8e
62	70	operator_or_partner: important but missing contact data	portfolio, website, linkedin_url, email, contact_source	Marlon Nichols	vc	USA	Los Angeles, CA	Co-founder of MaC Venture Capital. Expert in underrepresented founders and culturally-driven tech.			https://twitter.com/marlonnichols			"site:linkedin.com/company ""Marlon Nichols"""	"""Marlon Nichols"" investor official"	"""Marlon Nichols"" email investor"								2fc7e49b-699c-4222-a638-f80a8dbc3ba7
63	70	operator_or_partner: important but missing contact data	portfolio, website, linkedin_url, email, contact_source	Andris Berzins	vc	Latvia	Riga	Co-founder of Change Ventures. Expert in Baltic startup ecosystem (Estonia, Latvia, Lithuania).			https://twitter.com/andrisberzins			"site:linkedin.com/company ""Andris Berzins"""	"""Andris Berzins"" investor official"	"""Andris Berzins"" email investor"								fc8097ad-abd9-4f73-916a-27c5250c76a1
64	70	operator_or_partner: important but missing contact data	portfolio, website, linkedin_url, email, contact_source	Mackenzie Burnett	vc	USA	San Francisco, CA	Founder of Humba Ventures. Pre-seed specialist for technical founders.			https://twitter.com/mackenzieburnett			"site:linkedin.com/company ""Mackenzie Burnett"""	"""Mackenzie Burnett"" investor official"	"""Mackenzie Burnett"" email investor"								a3d0983e-31ce-4cbd-9af3-7b3d82bba871
65	70	operator_or_partner: important but missing contact data	portfolio, website, linkedin_url, email, contact_source	Elizabeth Yin	vc	USA	San Francisco, CA	Co-founder of Hustle Fund. Rapid-check pre-seed investor. Expert in speed as a competitive moat.			https://twitter.com/dunkhippo33			"site:linkedin.com/company ""Elizabeth Yin"""	"""Elizabeth Yin"" investor official"	"""Elizabeth Yin"" email investor"								1dad718c-efa7-4a41-a9a2-a9acaf2f4b26
66	70	operator_or_partner: important but missing contact data	portfolio, website, linkedin_url, email, contact_source	Eric Bahn	vc	USA	San Francisco, CA	Co-founder of Hustle Fund. Pre-seed expert. Former Facebook PM and startup founder.			https://twitter.com/ericbahn			"site:linkedin.com/company ""Eric Bahn"""	"""Eric Bahn"" investor official"	"""Eric Bahn"" email investor"								179102eb-81f6-4ede-a414-1d163a085716
67	70	operator_or_partner: important but missing contact data	portfolio, website, linkedin_url, email, contact_source	Alex Brunicki	vc	UK	London	Partner at Backed VC. Expert in early-stage UK consumer and fintech startups.			https://twitter.com/alexbrunicki			"site:linkedin.com/in ""Alex Brunicki"" ""Backed VC"""	"""Alex Brunicki"" ""Backed VC"" investor"	"""Alex Brunicki"" email investor"								6a72f148-90c9-4bf3-9d10-19729ed2f57c
68	70	operator_or_partner: important but missing contact data	portfolio, website, linkedin_url, email, contact_source	Danny Gilligan	vc	Australia	Sydney	Co-founder of Reinventure (backed by Westpac). Expert in Australian fintech and marketplace.			https://twitter.com/dannygilligan			"site:linkedin.com/company ""Danny Gilligan"""	"""Danny Gilligan"" investor official"	"""Danny Gilligan"" email investor"								fa84b6f3-fe20-4790-9199-a25a99f4f7f6
69	70	operator_or_partner: important but missing contact data	portfolio, website, linkedin_url, email, contact_source	Jan Lynn-Matern	vc	UK	London	Co-founder of Emerge Education. Europe's leading edtech-focused VC.			https://twitter.com/janlm			"site:linkedin.com/company ""Jan Lynn-Matern"""	"""Jan Lynn-Matern"" investor official"	"""Jan Lynn-Matern"" email investor"								1d2ddb74-5163-417b-b97f-25a9b4d9dc12
70	70	operator_or_partner: important but missing contact data	portfolio, website, linkedin_url, email, contact_source	Josh Chapman	vc	USA	Denver, CO	Managing Partner at Konvoy Ventures. Gaming-focused VC. Expert in gaming infrastructure.			https://twitter.com/joshchapman			"site:linkedin.com/in ""Josh Chapman"" ""Konvoy Ventures"""	"""Josh Chapman"" ""Konvoy Ventures"" investor"	"""Josh Chapman"" email investor"								128763f2-d8c4-40b4-9c62-94c17607927c
71	70	operator_or_partner: important but missing contact data	portfolio, website, linkedin_url, email, contact_source	Florian Schweitzer	vc	Germany	Berlin	Managing Partner at btov Partners. Expert in early-stage European tech.			https://twitter.com/fschweit			"site:linkedin.com/company ""Florian Schweitzer"""	"""Florian Schweitzer"" investor official"	"""Florian Schweitzer"" email investor"								94348b4b-aa43-4c0e-840c-3f2f5da4798b
72	70	operator_or_partner: important but missing contact data	portfolio, website, linkedin_url, email, contact_source	Pave (Sheel Mohnot)	vc	USA	San Francisco, CA	Co-founder of Better Tomorrow Ventures. Fintech-focused pre-seed VC. Former fintech founder.			https://twitter.com/pitdesi			"site:linkedin.com/company ""Pave (Sheel Mohnot)"""	"""Pave (Sheel Mohnot)"" investor official"	"""Pave (Sheel Mohnot)"" email investor"								986f2058-2db6-4a70-8ab0-3535d8002e84
73	70	operator_or_partner: important but missing contact data	portfolio, website, linkedin_url, email, contact_source	Finn Murphy	vc	UK	London	Partner at LocalGlobe. Expert in UK/European pre-seed investing.			https://twitter.com/finnmurphy			"site:linkedin.com/in ""Finn Murphy"" ""LocalGlobe"""	"""Finn Murphy"" ""LocalGlobe"" investor"	"""Finn Murphy"" email investor"								f2f355e2-46f9-48b3-b8e9-023c71b17ecf
74	70	operator_or_partner: important but missing contact data	portfolio, website, linkedin_url, email, contact_source	Jacqueline Novogratz	vc	USA	New York, NY	Founder of Acumen. Pioneer in impact investing and patient capital for emerging markets.			https://twitter.com/jnovogratz			"site:linkedin.com/company ""Jacqueline Novogratz"""	"""Jacqueline Novogratz"" investor official"	"""Jacqueline Novogratz"" email investor"								1398b153-cacb-4720-bb27-c39830475073
75	70	operator_or_partner: important but missing contact data	portfolio, website, linkedin_url, email, contact_source	Jordan Cooper	vc	USA	New York, NY	Partner at Glade Brook Capital. Former partner at Lerer Hippeau. Consumer and social expert.			https://twitter.com/jordancooper			"site:linkedin.com/in ""Jordan Cooper"" ""Glade Brook Capital"""	"""Jordan Cooper"" ""Glade Brook Capital"" investor"	"""Jordan Cooper"" email investor"								b5b5e55e-3558-4e2b-aaba-9fae6b2574f6
76	70	operator_or_partner: important but missing contact data	portfolio, website, linkedin_url, email, contact_source	Nakul Mandan	vc	USA	San Francisco, CA	Co-founder and Managing Partner at Audacious Ventures. Expert in future of work and B2B SaaS.			https://twitter.com/nakulmandan			"site:linkedin.com/in ""Nakul Mandan"" ""Audacious Ventures"""	"""Nakul Mandan"" ""Audacious Ventures"" investor"	"""Nakul Mandan"" email investor"								7012c64e-8f23-4c80-a924-ebc9fe7049ad
77	70	operator_or_partner: important but missing contact data	portfolio, website, linkedin_url, email, contact_source	Ross Fubini	vc	USA	San Francisco, CA	Partner at XYZ Venture Capital. Ex-Village Global. Expert in deep tech and hard problems.			https://twitter.com/rossfubini			"site:linkedin.com/in ""Ross Fubini"" ""XYZ Venture Capital"""	"""Ross Fubini"" ""XYZ Venture Capital"" investor"	"""Ross Fubini"" email investor"								f58cbf7c-c5ab-4a9e-9dbc-b0b593b7da4e
78	70	operator_or_partner: important but missing contact data	portfolio, website, linkedin_url, email, contact_source	Brad Svrluga	vc	USA	New York, NY	Co-founder of Primary Venture Partners. Expert in NYC enterprise and B2B startups.			https://twitter.com/bsvrluga			"site:linkedin.com/company ""Brad Svrluga"""	"""Brad Svrluga"" investor official"	"""Brad Svrluga"" email investor"								801dd61e-175a-4741-ab81-ba130ee4accd
79	70	operator_or_partner: important but missing contact data	portfolio, website, linkedin_url, email, contact_source	Mac Conwell	vc	USA	Baltimore, MD	Founder of RareBreed Ventures. Expert in pre-seed investing outside Silicon Valley.			https://twitter.com/MacConwell			"site:linkedin.com/company ""Mac Conwell"""	"""Mac Conwell"" investor official"	"""Mac Conwell"" email investor"								1ef8d0df-a914-435e-91c9-bff65fbf1aac
80	70	operator_or_partner: important but missing contact data	portfolio, website, linkedin_url, email, contact_source	Melissa Bradley	vc	USA	Washington, DC	Managing Partner at 1863 Ventures. Expert in New Majority entrepreneurs and underserved markets.			https://twitter.com/melissabradley			"site:linkedin.com/company ""Melissa Bradley"""	"""Melissa Bradley"" investor official"	"""Melissa Bradley"" email investor"								5e8d5eed-f2c7-44c8-91f5-3c8d9e292172
81	70	operator_or_partner: important but missing contact data	portfolio, website, linkedin_url, email, contact_source	Lolita Taub	vc	USA	Los Angeles, CA	General Partner at The Community Fund. Expert in community-led growth companies.			https://twitter.com/lolitataub			"site:linkedin.com/in ""Lolita Taub"" ""The Community Fund"""	"""Lolita Taub"" ""The Community Fund"" investor"	"""Lolita Taub"" email investor"								54972bf5-5141-4473-ae6c-5761b6e00893
82	70	operator_or_partner: important but missing contact data	portfolio, website, linkedin_url, email, contact_source	Sydney Thomas	vc	USA	San Francisco, CA	Partner at Precursor Ventures. Expert in very early-stage diverse founders.			https://twitter.com/sydbthomas			"site:linkedin.com/in ""Sydney Thomas"" ""Precursor Ventures"""	"""Sydney Thomas"" ""Precursor Ventures"" investor"	"""Sydney Thomas"" email investor"								1e054dd1-cb58-4f80-8764-c02f13d34bdb
83	70	operator_or_partner: important but missing contact data	portfolio, website, linkedin_url, email, contact_source	Paige Doherty	angel	USA	New York, NY	Founder of Behind Genius Ventures. Gen Z angel investor and author.			https://twitter.com/paigedoherty_			"site:linkedin.com/in ""Paige Doherty"" investor"	"""Paige Doherty"" investor official"	"""Paige Doherty"" email investor"								81a92a05-353d-43e9-a230-d8bf47bea35e
84	70	operator_or_partner: important but missing contact data	portfolio, website, linkedin_url, email, contact_source	Halle Tecco	angel	USA	San Francisco, CA	Founder of Rock Health. Pioneer of digital health venture. Mentor and angel in health startups.			https://twitter.com/halletecco			"site:linkedin.com/in ""Halle Tecco"" investor"	"""Halle Tecco"" investor official"	"""Halle Tecco"" email investor"								527c59ba-6f6e-4735-88f5-7760dafed64f
85	70	operator_or_partner: important but missing contact data	portfolio, website, linkedin_url, email, contact_source	Meagan Crawford	vc	USA	Houston, TX	Managing Partner at SpaceFund. Expert in new space economy and orbital infrastructure.			https://twitter.com/meagancrawford			"site:linkedin.com/in ""Meagan Crawford"" ""SpaceFund"""	"""Meagan Crawford"" ""SpaceFund"" investor"	"""Meagan Crawford"" email investor"								162960f2-4428-4208-91e4-fc0b9e28fa17
86	70	operator_or_partner: important but missing contact data	portfolio, website, linkedin_url, email, contact_source	Adam Besvinick	vc	USA	New York, NY	Partner at Box Group. Expert in consumer and marketplace early-stage investing.			https://twitter.com/adambesvinick			"site:linkedin.com/in ""Adam Besvinick"" ""Box Group"""	"""Adam Besvinick"" ""Box Group"" investor"	"""Adam Besvinick"" email investor"								66e2e0b4-80cf-4e91-aa7c-147506d36e16
87	70	operator_or_partner: important but missing contact data	portfolio, website, linkedin_url, email, contact_source	Edith Yeung	vc	USA	San Francisco, CA	Partner at Race Capital. Expert in US-China tech bridge and Asian-American founders.			https://twitter.com/edithyeung			"site:linkedin.com/in ""Edith Yeung"" ""Race Capital"""	"""Edith Yeung"" ""Race Capital"" investor"	"""Edith Yeung"" email investor"								4bd6d472-c58d-49ab-8ad6-2ba509c879f0
88	70	operator_or_partner: important but missing contact data	portfolio, website, linkedin_url, email, contact_source	Rui Ma	angel	USA	San Francisco, CA	Co-founder of Tech Buzz China. Expert in Chinese tech ecosystem and cross-border investing.			https://twitter.com/ruima			"site:linkedin.com/in ""Rui Ma"" investor"	"""Rui Ma"" investor official"	"""Rui Ma"" email investor"								7e74474b-02e3-4e21-bf16-e88b0907004f
89	70	operator_or_partner: important but missing contact data	portfolio, website, linkedin_url, email, contact_source	Dan Martell	angel	Canada	Moncton	SaaS coach and angel investor. Founder of AcquireApp. Expert in SaaS growth and scaling.			https://twitter.com/danmartell			"site:linkedin.com/in ""Dan Martell"" investor"	"""Dan Martell"" investor official"	"""Dan Martell"" email investor"								f12222c4-15fe-4782-ade9-1a0294da2cc4
90	70	operator_or_partner: important but missing contact data	portfolio, website, linkedin_url, email, contact_source	Evan Nisselson	vc	USA	New York, NY	General Partner at LDV Capital. Expert in visual technology, AI, and computer vision.			https://twitter.com/enisselson			"site:linkedin.com/in ""Evan Nisselson"" ""LDV Capital"""	"""Evan Nisselson"" ""LDV Capital"" investor"	"""Evan Nisselson"" email investor"								813a8cc5-9475-420a-a3f4-b8cef189c20b
91	70	operator_or_partner: important but missing contact data	portfolio, website, linkedin_url, email, contact_source	Micah Rosenbloom	vc	USA	Cambridge, MA	Managing Partner at Founder Collective. Expert in early-stage B2B and developer tools.			https://twitter.com/micahjay1			"site:linkedin.com/in ""Micah Rosenbloom"" ""Founder Collective"""	"""Micah Rosenbloom"" ""Founder Collective"" investor"	"""Micah Rosenbloom"" email investor"								11fdb4a8-3466-451f-aad3-95ebe6819939
92	70	operator_or_partner: important but missing contact data	portfolio, website, linkedin_url, email, contact_source	Ben Casnocha	vc	USA	San Francisco, CA	Co-founder of Village Global. Author of 'The Start-Up of You'. Expert in talent and networks.			https://twitter.com/bencasnocha			"site:linkedin.com/company ""Ben Casnocha"""	"""Ben Casnocha"" investor official"	"""Ben Casnocha"" email investor"								392c6cc9-c4a6-4808-95ef-4a39f25a8ee9
93	70	operator_or_partner: important but missing contact data	portfolio, website, linkedin_url, email, contact_source	Omar Christidis	angel	UAE	Dubai	Founder of ArabNet. Angel investor in Arab tech ecosystem. Expert in MENA startups.			https://twitter.com/omarchristidis			"site:linkedin.com/in ""Omar Christidis"" investor"	"""Omar Christidis"" investor official"	"""Omar Christidis"" email investor"								eb2b7f48-d7dc-4c20-a854-6ed3a291f70a
94	70	operator_or_partner: important but missing contact data	portfolio, website, linkedin_url, email, contact_source	Hampus Jakobsson	vc	Sweden	Malmo	Co-founder of Pale Blue Dot. Expert in climate and sustainability tech in Nordics.			https://twitter.com/hajak			"site:linkedin.com/company ""Hampus Jakobsson"""	"""Hampus Jakobsson"" investor official"	"""Hampus Jakobsson"" email investor"								2aeb81b5-82db-4105-a237-216a57154d08
95	70	operator_or_partner: important but missing contact data	portfolio, website, linkedin_url, email, contact_source	Heidi Lindvall	vc	Sweden	Malmo	Co-founder of Pale Blue Dot. Expert in climate tech early-stage investing.			https://twitter.com/heidilindvall			"site:linkedin.com/company ""Heidi Lindvall"""	"""Heidi Lindvall"" investor official"	"""Heidi Lindvall"" email investor"								e582d26d-de84-48f0-a8a1-0063a6aebeed
96	70	operator_or_partner: important but missing contact data	portfolio, website, linkedin_url, email, contact_source	Nicolas Wittenborn	vc	Germany	Berlin	Co-founder of Adjacent. Expert in European consumer tech.			https://twitter.com/nwittenborn			"site:linkedin.com/company ""Nicolas Wittenborn"""	"""Nicolas Wittenborn"" investor official"	"""Nicolas Wittenborn"" email investor"								56e15605-3139-425b-bdea-b9f0e2c117c1
97	70	operator_or_partner: important but missing contact data	portfolio, website, linkedin_url, email, contact_source	Stephanie Palmeri	vc	USA	San Francisco, CA	Partner at Uncork Capital. Expert in early-stage consumer and B2B SaaS.			https://twitter.com/stephaniepalm			"site:linkedin.com/in ""Stephanie Palmeri"" ""Uncork Capital"""	"""Stephanie Palmeri"" ""Uncork Capital"" investor"	"""Stephanie Palmeri"" email investor"								9812cba7-7e22-4698-8b2b-465274785c61
98	70	operator_or_partner: important but missing contact data	portfolio, website, linkedin_url, email, contact_source	David Beisel	vc	USA	Boston, MA	Co-founder of NextView Ventures. Expert in consumer internet and marketplace.			https://twitter.com/beisel			"site:linkedin.com/company ""David Beisel"""	"""David Beisel"" investor official"	"""David Beisel"" email investor"								e632c4dd-0318-4dfe-be81-a40fa0cf303f
99	70	operator_or_partner: important but missing contact data	portfolio, website, linkedin_url, email, contact_source	Rob Go	vc	USA	Boston, MA	Co-founder of NextView Ventures. Expert in local commerce and consumer mobile.			https://twitter.com/robgo			"site:linkedin.com/company ""Rob Go"""	"""Rob Go"" investor official"	"""Rob Go"" email investor"								21d79094-bff1-4b6c-ae4d-1b9f7b9e95c5
100	70	operator_or_partner: important but missing contact data	portfolio, website, linkedin_url, email, contact_source	Iñaki Arrola	vc	Spain	Madrid	Partner at K Fund. Expert in Spanish and Iberian tech startup ecosystem.			https://twitter.com/iarrola			"site:linkedin.com/in ""Iñaki Arrola"" ""K Fund"""	"""Iñaki Arrola"" ""K Fund"" investor"	"""Iñaki Arrola"" email investor"								1e383249-796b-4092-9afd-add2c13bca0b
101	70	operator_or_partner: important but missing contact data	portfolio, website, linkedin_url, email, contact_source	Aquilino Pena	vc	Spain	Madrid	Co-founder of Kibo Ventures. Expert in Spanish deep tech and enterprise.			https://twitter.com/aquilinopena			"site:linkedin.com/company ""Aquilino Pena"""	"""Aquilino Pena"" investor official"	"""Aquilino Pena"" email investor"								dca574b7-534a-400e-aa06-a2dc3f13dacc
102	70	operator_or_partner: important but missing contact data	portfolio, website, linkedin_url, email, contact_source	Carlos Blanco	angel	Spain	Barcelona	Founder of Nuclio Digital School and Encomenda Smart Capital. Spain's most active angel.			https://twitter.com/carlosblanco_			"site:linkedin.com/in ""Carlos Blanco"" investor"	"""Carlos Blanco"" investor official"	"""Carlos Blanco"" email investor"								5de06b48-e2cd-4d8b-8efa-a4baaaa0145e
103	70	operator_or_partner: important but missing contact data	portfolio, website, linkedin_url, email, contact_source	Matteo Masserdotti	vc	Italy	Milan	Co-founder of Digital Magics. Expert in Italian startup ecosystem and digital.			https://twitter.com/masserdotti			"site:linkedin.com/company ""Matteo Masserdotti"""	"""Matteo Masserdotti"" investor official"	"""Matteo Masserdotti"" email investor"								6450ed4e-2010-45ef-9348-e4779d6ac72b
104	70	operator_or_partner: important but missing contact data	portfolio, website, linkedin_url, email, contact_source	Spencer Noon	angel	USA	New York, NY	Founder of OurNetwork. Angel in DeFi and crypto analytics startups.			https://twitter.com/spencernoon			"site:linkedin.com/in ""Spencer Noon"" investor"	"""Spencer Noon"" investor official"	"""Spencer Noon"" email investor"								85ac154a-429c-4321-85d9-7e0f759d3c99
105	70	operator_or_partner: important but missing contact data	portfolio, website, linkedin_url, email, contact_source	Emily Kirsch	vc	USA	Oakland, CA	Founder of Powerhouse Ventures. Expert in climate and clean energy startups.			https://twitter.com/emilykirsch			"site:linkedin.com/company ""Emily Kirsch"""	"""Emily Kirsch"" investor official"	"""Emily Kirsch"" email investor"								611c7102-69a1-4ed6-90a9-28b532c5594d
106	70	operator_or_partner: important but missing contact data	portfolio, website, linkedin_url, email, contact_source	Tiffany Zhong	angel	USA	San Francisco, CA	Founder of Zebra IQ. Expert in Gen Z consumer and social trends. Active angel.			https://twitter.com/tzhongg			"site:linkedin.com/in ""Tiffany Zhong"" investor"	"""Tiffany Zhong"" investor official"	"""Tiffany Zhong"" email investor"								003a511e-ac58-4717-ab7f-caf42209d973
107	70	operator_or_partner: important but missing contact data	portfolio, website, linkedin_url, email, contact_source	Jason Lemkin	angel	USA	San Francisco, CA	Founder of SaaStr. Angel investor in B2B SaaS. One of most influential SaaS voices.			https://twitter.com/jasonlk			"site:linkedin.com/in ""Jason Lemkin"" investor"	"""Jason Lemkin"" investor official"	"""Jason Lemkin"" email investor"								58225de7-4a67-4d4a-9334-82155a708f5e
108	70	operator_or_partner: important but missing contact data	portfolio, website, linkedin_url, email, contact_source	Sammy Abdullah	vc	USA	Chicago, IL	Managing Partner at Blossom Street Ventures. Expert in B2B SaaS metrics investing.			https://twitter.com/sammyabdullah			"site:linkedin.com/in ""Sammy Abdullah"" ""Blossom Street Ventures"""	"""Sammy Abdullah"" ""Blossom Street Ventures"" investor"	"""Sammy Abdullah"" email investor"								eaacddfa-7921-4ee0-99ce-210393dd5806
109	70	operator_or_partner: important but missing contact data	portfolio, website, linkedin_url, email, contact_source	Parker Thompson	vc	USA	San Francisco, CA	Partner at Pear VC. Former early Dropbox. Expert in hard problems and technical founders.			https://twitter.com/pt			"site:linkedin.com/in ""Parker Thompson"" ""Pear VC"""	"""Parker Thompson"" ""Pear VC"" investor"	"""Parker Thompson"" email investor"								28561315-2072-4c9a-992c-08b7bd079761
110	70	operator_or_partner: important but missing contact data	portfolio, website, linkedin_url, email, contact_source	Vesa Lauronen	vc	Finland	Helsinki	Managing Partner at Superhero Capital. Expert in Finnish and Nordic B2B SaaS.			https://twitter.com/vesalauronen			"site:linkedin.com/in ""Vesa Lauronen"" ""Superhero Capital"""	"""Vesa Lauronen"" ""Superhero Capital"" investor"	"""Vesa Lauronen"" email investor"								876711c0-a84f-4500-8b4a-92b0dae569fc
111	70	operator_or_partner: important but missing contact data	portfolio, website, linkedin_url, email, contact_source	Vinnie Lauria	vc	Singapore	Singapore	Co-founder of Golden Gate Ventures. Expert in Southeast Asian early-stage startups.			https://twitter.com/vlauria			"site:linkedin.com/company ""Vinnie Lauria"""	"""Vinnie Lauria"" investor official"	"""Vinnie Lauria"" email investor"								ad6e263f-9bce-459b-87a7-cf01ed1e28b3
112	70	operator_or_partner: important but missing contact data	portfolio, website, linkedin_url, email, contact_source	Bernard Moon	vc	South Korea	Seoul	Co-founder of SparkLabs Global. Expert in Korean and global startup ecosystems.			https://twitter.com/bernardmoon			"site:linkedin.com/company ""Bernard Moon"""	"""Bernard Moon"" investor official"	"""Bernard Moon"" email investor"								3cdf6071-67f1-48f7-bce1-3e0766fedcfd
113	70	operator_or_partner: important but missing contact data	portfolio, website, linkedin_url, email, contact_source	Sarah Drinkwater	vc	UK	London	Partner at Common Magic. Expert in community, sustainability, and inclusive tech.			https://twitter.com/sarahdrinkwater			"site:linkedin.com/in ""Sarah Drinkwater"" ""Common Magic"""	"""Sarah Drinkwater"" ""Common Magic"" investor"	"""Sarah Drinkwater"" email investor"								2350dccb-3557-4c9b-8b09-ae6591e126b5
114	70	operator_or_partner: important but missing contact data	portfolio, website, linkedin_url, email, contact_source	Carmen Alfonso Rico	vc	Spain	Madrid	Partner at Antler Spain. Expert in Spanish early-stage tech startups.			https://twitter.com/carmenrico			"site:linkedin.com/in ""Carmen Alfonso Rico"" ""Antler Spain"""	"""Carmen Alfonso Rico"" ""Antler Spain"" investor"	"""Carmen Alfonso Rico"" email investor"								c33f5e2d-7949-4961-945b-aec21f14cad8
115	70	operator_or_partner: important but missing contact data	portfolio, website, linkedin_url, email, contact_source	Michal Rokosz	vc	Poland	Warsaw	Partner at Inovo VC. Expert in Polish and CEE B2B SaaS companies.			https://twitter.com/mrokosz			"site:linkedin.com/in ""Michal Rokosz"" ""Inovo VC"""	"""Michal Rokosz"" ""Inovo VC"" investor"	"""Michal Rokosz"" email investor"								a8870066-53cb-4472-8095-7eaa74d630ab
116	70	operator_or_partner: important but missing contact data	portfolio, website, linkedin_url, email, contact_source	Borys Musielak	vc	Poland	Warsaw	Co-founder of SMOK Ventures. Expert in Polish and CEE early-stage tech.			https://twitter.com/borysd			"site:linkedin.com/company ""Borys Musielak"""	"""Borys Musielak"" investor official"	"""Borys Musielak"" email investor"								3257be88-9fbd-43ef-b0d1-f5ef148bef34
117	70	operator_or_partner: important but missing contact data	portfolio, website, linkedin_url, email, contact_source	Alexis Bonte	vc	France	Paris	Co-founder of eVentures. Gaming and consumer investor in France and Europe.			https://twitter.com/alexisbonte			"site:linkedin.com/company ""Alexis Bonte"""	"""Alexis Bonte"" investor official"	"""Alexis Bonte"" email investor"								854b4de1-9328-4813-9fe6-35a651da3813
118	70	operator_or_partner: important but missing contact data	portfolio, website, linkedin_url, email, contact_source	Chris Devore	vc	USA	Seattle, WA	Co-founder of Founders' Co-op. Expert in Pacific Northwest early-stage startups.			https://twitter.com/crashdev			"site:linkedin.com/company ""Chris Devore"""	"""Chris Devore"" investor official"	"""Chris Devore"" email investor"								cc7d09e8-df7d-4b98-b016-1f6e45743708
119	70	operator_or_partner: important but missing contact data	portfolio, website, linkedin_url, email, contact_source	Khailee Ng	vc	Malaysia	Kuala Lumpur	Managing Partner at 500 Southeast Asia. Expert in regional consumer and marketplace.			https://twitter.com/khailee			"site:linkedin.com/company ""Khailee Ng"""	"""Khailee Ng"" investor official"	"""Khailee Ng"" email investor"								1032aad4-88da-4529-a527-8f673845436c
120	70	operator_or_partner: important but missing contact data	portfolio, website, linkedin_url, email, contact_source	Kenji Tomita	vc	Japan	Tokyo	Co-founder of Genesia Ventures. Expert in Japanese and SEA early-stage startups.			https://twitter.com/ktomita			"site:linkedin.com/company ""Kenji Tomita"""	"""Kenji Tomita"" investor official"	"""Kenji Tomita"" email investor"								e2a8a632-3860-4796-8482-a77bc2ca9657
121	70	operator_or_partner: important but missing contact data	portfolio, website, linkedin_url, email, contact_source	Emeka Ajene	angel	France	Paris	Founder of Afrobytes. Expert in African and French tech startup ecosystems.			https://twitter.com/emekaajene			"site:linkedin.com/in ""Emeka Ajene"" investor"	"""Emeka Ajene"" investor official"	"""Emeka Ajene"" email investor"								2efb5e8a-90ce-4de0-966e-3e7d95b0a261
122	70	operator_or_partner: important but missing contact data	portfolio, website, linkedin_url, email, contact_source	Olumide Soyombo	vc	Nigeria	Lagos	Co-founder of Voltron Capital. Expert in Nigerian and West African tech startups.			https://twitter.com/olumide_s			"site:linkedin.com/company ""Olumide Soyombo"""	"""Olumide Soyombo"" investor official"	"""Olumide Soyombo"" email investor"								e96714cf-7f35-49dd-a306-c7c77adcc8f9
123	70	operator_or_partner: important but missing contact data	portfolio, website, linkedin_url, email, contact_source	Rebecca Enonchong	angel	Cameroon	Yaounde	Founder of AppsTech. Pan-African tech investor and entrepreneur.			https://twitter.com/rebecc_a			"site:linkedin.com/in ""Rebecca Enonchong"" investor"	"""Rebecca Enonchong"" investor official"	"""Rebecca Enonchong"" email investor"								a8bb43ee-5b79-4785-8be5-62ac148ce323
124	70	operator_or_partner: important but missing contact data	portfolio, website, linkedin_url, email, contact_source	Saurabh Sharma	vc	India	Delhi	Co-founder of Titan Capital. Expert in Indian early-stage consumer and marketplace.			https://twitter.com/saurabhsharma			"site:linkedin.com/company ""Saurabh Sharma"""	"""Saurabh Sharma"" investor official"	"""Saurabh Sharma"" email investor"								df0b20ba-9ef9-4a94-ab7e-873554bdd20b
125	70	operator_or_partner: important but missing contact data	portfolio, website, linkedin_url, email, contact_source	Babak Nivi	angel	USA	San Francisco, CA	Co-founder of AngelList. Expert in startup fundraising and early-stage investing.			https://twitter.com/nivi			"site:linkedin.com/in ""Babak Nivi"" investor"	"""Babak Nivi"" investor official"	"""Babak Nivi"" email investor"								5b712ab5-85c7-4a67-a355-0e0790cb6ebf
126	70	operator_or_partner: important but missing contact data	portfolio, website, linkedin_url, email, contact_source	Cindy Bi	vc	USA	San Francisco, CA	Founder of CapitalX. Expert in AI and consumer companies from China and US.			https://twitter.com/CindyBi_			"site:linkedin.com/company ""Cindy Bi"""	"""Cindy Bi"" investor official"	"""Cindy Bi"" email investor"								c9eece8a-01ad-4756-b8a6-4bb301f23e7f
127	70	operator_or_partner: important but missing contact data	portfolio, website, linkedin_url, email, contact_source	Sharad Sharma	angel	India	Bengaluru	Co-founder of iSPIRT Foundation. Angel investor in Indian SaaS and product companies.			https://twitter.com/sharad_sharma			"site:linkedin.com/in ""Sharad Sharma"" investor"	"""Sharad Sharma"" investor official"	"""Sharad Sharma"" email investor"								1e51af72-422b-4e06-a43c-7c05e0e0957c
128	70	operator_or_partner: important but missing contact data	portfolio, website, linkedin_url, email, contact_source	Shomik Ghosh	vc	USA	New York, NY	Partner at Boldstart Ventures. Expert in developer-first and enterprise infrastructure.			https://twitter.com/shomikghosh21			"site:linkedin.com/in ""Shomik Ghosh"" ""Boldstart Ventures"""	"""Shomik Ghosh"" ""Boldstart Ventures"" investor"	"""Shomik Ghosh"" email investor"								df385f7b-65a0-4e3a-b8b9-a33e5afcc1b4
129	70	operator_or_partner: important but missing contact data	portfolio, website, linkedin_url, email, contact_source	Kanyi Maqubela	vc	USA	San Francisco, CA	Managing Partner at Kindred Ventures. Expert in consumer and marketplace companies.			https://twitter.com/kanyi			"site:linkedin.com/in ""Kanyi Maqubela"" ""Kindred Ventures"""	"""Kanyi Maqubela"" ""Kindred Ventures"" investor"	"""Kanyi Maqubela"" email investor"								565c9bc4-b8b0-4e31-9c71-f966f0d59df6
130	70	operator_or_partner: important but missing contact data	portfolio, website, linkedin_url, email, contact_source	Ahmed El Alfi	vc	Egypt	Cairo	Founder of Sawari Ventures. Pioneer of Egyptian and North African tech investing.			https://twitter.com/Alfi			"site:linkedin.com/company ""Ahmed El Alfi"""	"""Ahmed El Alfi"" investor official"	"""Ahmed El Alfi"" email investor"								40e96535-bac7-42d2-a3da-f74e3f9536c0
131	70	top_firm_or_brand: important but missing contact data	portfolio, website, linkedin_url, email, contact_source	Anu Hariharan	vc	USA	San Francisco, CA	Partner at Y Combinator Continuity. Former BCG. Invests in growth-stage YC companies.			https://twitter.com/anuhariharan			"site:linkedin.com/in ""Anu Hariharan"" ""Y Combinator Continuity"""	"""Anu Hariharan"" ""Y Combinator Continuity"" investor"	"""Anu Hariharan"" email investor"								31673c08-6377-4461-a220-e6afa9b515b6
132	70	top_firm_or_brand: important but missing contact data	portfolio, website, linkedin_url, email, contact_source	Cristina Cordova	vc	USA	San Francisco, CA	Partner at Benchmark. Former head of Platform and Partnerships at Stripe. Angel in payments and SaaS.			https://twitter.com/cjc			"site:linkedin.com/in ""Cristina Cordova"" ""Benchmark"""	"""Cristina Cordova"" ""Benchmark"" investor"	"""Cristina Cordova"" email investor"								0ffc4e47-5e3d-4de7-8427-456478adc456
133	70	top_firm_or_brand: important but missing contact data	portfolio, website, linkedin_url, email, contact_source	Konstantine Buhler	vc	USA	San Francisco, CA	Partner at Sequoia Capital focused on AI and healthcare. Previously investor at Bessemer.			https://twitter.com/kbuhler			"site:linkedin.com/in ""Konstantine Buhler"" ""Sequoia Capital focused on AI and healthcare"""	"""Konstantine Buhler"" ""Sequoia Capital focused on AI and healthcare"" investor"	"""Konstantine Buhler"" email investor"								d66d8d00-5ded-4405-9b44-85e660241b4c
134	70	top_firm_or_brand: important but missing contact data	portfolio, website, linkedin_url, email, contact_source	Sriram Krishnan	vc	USA	San Francisco, CA	General Partner at a16z. Former Senior Director at Twitter, Microsoft, Snap. Expert in consumer and AI.			https://twitter.com/sriramk			"site:linkedin.com/in ""Sriram Krishnan"" ""Twitter"""	"""Sriram Krishnan"" ""Twitter"" investor"	"""Sriram Krishnan"" email investor"								abd9a84c-93d2-4134-a407-bf3899e943bc
135	70	top_firm_or_brand: important but missing contact data	portfolio, website, linkedin_url, email, contact_source	Phin Barnes	vc	USA	Philadelphia, PA	Partner at First Round Capital. Expert in marketplaces and next-gen consumer.			https://twitter.com/phineasb			"site:linkedin.com/in ""Phin Barnes"" ""First Round Capital"""	"""Phin Barnes"" ""First Round Capital"" investor"	"""Phin Barnes"" email investor"								8761ffab-bc02-4e1d-b266-985d6e848f5e
136	70	top_firm_or_brand: important but missing contact data	portfolio, website, linkedin_url, email, contact_source	Megan Quinn	vc	USA	San Francisco, CA	General Partner at Spark Capital. Expert in consumer and marketplace. Former Square and Sequoia.			https://twitter.com/msquinn			"site:linkedin.com/in ""Megan Quinn"" ""Spark Capital"""	"""Megan Quinn"" ""Spark Capital"" investor"	"""Megan Quinn"" email investor"								1fe7f27c-0c48-415f-9a3a-3ddb4f5b5cef
137	70	top_firm_or_brand: important but missing contact data	portfolio, website, linkedin_url, email, contact_source	Rex Salisbury	vc	USA	San Francisco, CA	Founder of Cambrian Ventures. Former a16z fintech scout. Expert in fintech infrastructure.			https://twitter.com/rexsalisbury			"site:linkedin.com/company ""Rex Salisbury"""	"""Rex Salisbury"" investor official"	"""Rex Salisbury"" email investor"								62b61acd-9f63-46fd-9868-d086e5100738
138	70	top_firm_or_brand: important but missing contact data	portfolio, website, linkedin_url, email, contact_source	Nina Achadjian	vc	USA	San Francisco, CA	Partner at Index Ventures. B2B SaaS and developer tools focus. Former McKinsey.			https://twitter.com/ninaacha			"site:linkedin.com/in ""Nina Achadjian"" ""Index Ventures"""	"""Nina Achadjian"" ""Index Ventures"" investor"	"""Nina Achadjian"" email investor"								1673a286-cc60-4c6c-88a1-532694894387
139	70	top_firm_or_brand: important but missing contact data	portfolio, website, linkedin_url, email, contact_source	Todd Jackson	vc	USA	San Francisco, CA	Partner at First Round Capital. Former VP of Product at Dropbox, GM at Twitter.			https://twitter.com/tjack			"site:linkedin.com/in ""Todd Jackson"" ""First Round Capital"""	"""Todd Jackson"" ""First Round Capital"" investor"	"""Todd Jackson"" email investor"								f3091acc-aee7-4fe5-b8de-e0e2d4cb35d0
140	70	top_firm_or_brand: important but missing contact data	portfolio, website, linkedin_url, email, contact_source	Pieter Kemps	vc	Singapore	Singapore	Principal at Sequoia Southeast Asia. Expert in Indonesian and regional consumer tech.			https://twitter.com/pieterkemps			"site:linkedin.com/in ""Pieter Kemps"" ""Sequoia Southeast Asia"""	"""Pieter Kemps"" ""Sequoia Southeast Asia"" investor"	"""Pieter Kemps"" email investor"								e3dacd8f-1e7d-4629-857b-e9db81c909ae
141	70	top_firm_or_brand: important but missing contact data	portfolio, website, linkedin_url, email, contact_source	Scott Kupor	vc	USA	Menlo Park, CA	Managing Partner at a16z. Author of 'Secrets of Sand Hill Road'. Expert in fund operations and LP relations.			https://twitter.com/skupor			"site:linkedin.com/company ""Scott Kupor"""	"""Scott Kupor"" investor official"	"""Scott Kupor"" email investor"								fffe7edd-2732-4e6b-9075-f719d2921be2
142	70	top_firm_or_brand: important but missing contact data	portfolio, website, linkedin_url, email, contact_source	Dalton Caldwell	vc	USA	San Francisco, CA	Partner at Y Combinator. Co-founder of imeem. Expert in early-stage B2B and developer tools.			https://twitter.com/daltonc			"site:linkedin.com/in ""Dalton Caldwell"" ""Y Combinator"""	"""Dalton Caldwell"" ""Y Combinator"" investor"	"""Dalton Caldwell"" email investor"								20edd56d-65d8-423e-b006-0c728c4a6f09
143	70	top_firm_or_brand: important but missing contact data	portfolio, website, linkedin_url, email, contact_source	Gustaf Alstromer	vc	USA	San Francisco, CA	Partner at Y Combinator. Former Airbnb growth lead. Expert in growth and consumer products.			https://twitter.com/gustaf			"site:linkedin.com/in ""Gustaf Alstromer"" ""Y Combinator"""	"""Gustaf Alstromer"" ""Y Combinator"" investor"	"""Gustaf Alstromer"" email investor"								d746bd4a-3af9-4808-a932-62555afa41b3
144	70	top_firm_or_brand: important but missing contact data	portfolio, website, linkedin_url, email, contact_source	Aaron Harris	vc	USA	San Francisco, CA	Partner at Y Combinator. Co-founder of Tutorspree. Expert in marketplaces and B2B.			https://twitter.com/harris			"site:linkedin.com/in ""Aaron Harris"" ""Y Combinator"""	"""Aaron Harris"" ""Y Combinator"" investor"	"""Aaron Harris"" email investor"								e4afd9cc-e5bc-4bf9-9b0c-96097e500e8b
145	70	top_firm_or_brand: important but missing contact data	portfolio, website, linkedin_url, email, contact_source	Harj Taggar	vc	USA	San Francisco, CA	Partner at Y Combinator. Co-founder of Auctomatic (acquired by Live Current Media). Expert in developer tools.			https://twitter.com/harjtaggar			"site:linkedin.com/in ""Harj Taggar"" ""Y Combinator"""	"""Harj Taggar"" ""Y Combinator"" investor"	"""Harj Taggar"" email investor"								68011efb-61ea-47f1-8f1a-5488976997ba
146	70	top_firm_or_brand: important but missing contact data	portfolio, website, linkedin_url, email, contact_source	David Cohen	vc	USA	Boulder, CO	Co-founder of Techstars. Expert in startup accelerators and early-stage investing globally.			https://twitter.com/davidcohen			"site:linkedin.com/company ""David Cohen"""	"""David Cohen"" investor official"	"""David Cohen"" email investor"								66069fe9-bcdb-426c-854c-043aa881c16e
147	70	top_firm_or_brand: important but missing contact data	portfolio, website, linkedin_url, email, contact_source	Arianna Simpson	vc	USA	San Francisco, CA	General Partner at a16z Crypto. Expert in gaming and crypto consumer applications.			https://twitter.com/AriannaSimpson			"site:linkedin.com/company ""Arianna Simpson"""	"""Arianna Simpson"" investor official"	"""Arianna Simpson"" email investor"								e589db39-29aa-46c9-8873-3270a0f31512
148	70	top_firm_or_brand: important but missing contact data	portfolio, website, linkedin_url, email, contact_source	Annie Kadavy	vc	USA	San Francisco, CA	Partner at Charles River Ventures. Former Sequoia. Consumer and marketplace expert.			https://twitter.com/akadavy			"site:linkedin.com/in ""Annie Kadavy"" ""Charles River Ventures"""	"""Annie Kadavy"" ""Charles River Ventures"" investor"	"""Annie Kadavy"" email investor"								cd3e388f-6c73-4158-ae2f-0056b8f4a6dc
149	70	top_firm_or_brand: important but missing contact data	portfolio, website, linkedin_url, email, contact_source	Ali Yahya	vc	USA	Menlo Park, CA	General Partner at a16z Crypto. Expert in blockchain infrastructure and DeFi.			https://twitter.com/ali01			"site:linkedin.com/company ""Ali Yahya"""	"""Ali Yahya"" investor official"	"""Ali Yahya"" email investor"								072d60d3-438e-4561-ba4a-aefef989b8d8
150	75	operator_or_partner: important but missing contact data	website, linkedin_url, email, verified, contact_source	Alex Turnbull	angel	New Zealand	Auckland	Founder of Groove HQ. Angel in bootstrapped SaaS and support tools.			https://twitter.com/ajturnbull		Groove	"site:linkedin.com/in ""Alex Turnbull"" investor"	"""Alex Turnbull"" investor official"	"""Alex Turnbull"" email investor"								25f4daed-fd40-4aaf-b204-b2e575047d72
151	55	operator_or_partner: important but missing contact data	portfolio, twitter_url, website, linkedin_url, email, verified, contact_source	Cristina Mittermeier	angel	Canada	Victoria, BC	Co-founder of SeaLegacy and conservation photographer. Angel in climate and sustainability.						"site:linkedin.com/in ""Cristina Mittermeier"" investor"	"""Cristina Mittermeier"" investor official"	"""Cristina Mittermeier"" email investor"								383ae4e3-43db-4825-986f-c46082a159d1
152	55	operator_or_partner: important but missing contact data	portfolio, twitter_url, website, linkedin_url, email, verified, contact_source	Jennifer Brandel	angel	USA	Chicago, IL	Co-founder of Hearken and Civic Hall. Angel investor in media and civic tech.						"site:linkedin.com/in ""Jennifer Brandel"" investor"	"""Jennifer Brandel"" investor official"	"""Jennifer Brandel"" email investor"								73550ab2-8e17-42a2-8c0d-0f2f24e27d76
153	55	operator_or_partner: important but missing contact data	portfolio, twitter_url, website, linkedin_url, email, verified, contact_source	Neeraj Berry	vc	USA	Los Angeles, CA	Partner at MedMen Ventures. Expert in cannabis and consumer health startups.						"site:linkedin.com/in ""Neeraj Berry"" ""MedMen Ventures"""	"""Neeraj Berry"" ""MedMen Ventures"" investor"	"""Neeraj Berry"" email investor"								c6f2305e-35f6-4d44-86e2-e17de10dd89b
154	55	operator_or_partner: important but missing contact data	portfolio, twitter_url, website, linkedin_url, email, verified, contact_source	Christoph Cemper	angel	Austria	Vienna	Founder of LinkResearchTools. Angel in SEO tech and European SaaS startups.						"site:linkedin.com/in ""Christoph Cemper"" investor"	"""Christoph Cemper"" investor official"	"""Christoph Cemper"" email investor"								d9bda5ac-8f1e-4c9f-a5e2-64a53d9c3ed2
155	55	top_firm_or_brand: important but missing contact data	portfolio, twitter_url, website, linkedin_url, email, verified, contact_source	Brad Bernthal	angel	USA	Boulder, CO	Professor at CU Boulder and Techstars advisor. Expert in startup ecosystems.						"site:linkedin.com/in ""Brad Bernthal"" ""CU Boulder and Techstars advisor"""	"""Brad Bernthal"" ""CU Boulder and Techstars advisor"" investor"	"""Brad Bernthal"" email investor"								4a23c8fa-bf86-424e-a4b3-85daafea99bb
156	80	large_check_size: important but missing contact data	website, linkedin_url, email, contact_source	Nat Friedman	angel	USA	San Francisco, CA	Former CEO of GitHub. Co-founder of Xamarin. Active angel in AI and developer tools.			https://twitter.com/natfriedman		GitHub, Xamarin, Hugging Face	"site:linkedin.com/in ""Nat Friedman"" investor"	"""Nat Friedman"" investor official"	"""Nat Friedman"" email investor"								fa0d21c0-c2e7-47af-ace4-f9e45932ad3a
157	80	large_check_size: important but missing contact data	website, linkedin_url, email, contact_source	Daniel Ek	angel	Sweden	Stockholm	Co-founder and CEO of Spotify. Active angel investor in music, health, and European tech.			https://twitter.com/eldsjal		Spotify, Primer, Northvolt	"site:linkedin.com/in ""Daniel Ek"" investor"	"""Daniel Ek"" investor official"	"""Daniel Ek"" email investor"								085453cf-d1bf-477c-b559-0f58464d0f5b
158	80	large_check_size: important but missing contact data	website, linkedin_url, email, contact_source	Brian Armstrong	angel	USA	San Francisco, CA	Co-founder and CEO of Coinbase. Angel investor in crypto and Web3 startups.			https://twitter.com/brian_armstrong		Coinbase	"site:linkedin.com/in ""Brian Armstrong"" investor"	"""Brian Armstrong"" investor official"	"""Brian Armstrong"" email investor"								66a388a9-29e6-4e3a-84dc-501d2c6f4f6e
159	80	large_check_size: important but missing contact data	website, linkedin_url, email, contact_source	Max Levchin	angel	USA	San Francisco, CA	Co-founder of PayPal and Affirm. Active angel investor in fintech and consumer.			https://twitter.com/mlevchin		PayPal, Affirm, Yelp, Slide	"site:linkedin.com/in ""Max Levchin"" investor"	"""Max Levchin"" investor official"	"""Max Levchin"" email investor"								8294fb1d-e78e-4634-b92a-cbff1bc7c73e
160	80	large_check_size: important but missing contact data	website, linkedin_url, email, contact_source	Patrick Collison	angel	USA	San Francisco, CA	Co-founder and CEO of Stripe. One of the most respected founders in Silicon Valley.			https://twitter.com/patrickc		Stripe, Figma, Notion, Substack	"site:linkedin.com/in ""Patrick Collison"" investor"	"""Patrick Collison"" investor official"	"""Patrick Collison"" email investor"								698b7164-2bb8-40f7-bf12-849f8d449c22
161	80	large_check_size: important but missing contact data	website, linkedin_url, email, contact_source	John Collison	angel	USA	San Francisco, CA	Co-founder and President of Stripe. Angel investor in fintech and enterprise tools.			https://twitter.com/collision		Stripe, Linear, Figma	"site:linkedin.com/in ""John Collison"" investor"	"""John Collison"" investor official"	"""John Collison"" email investor"								00d26136-35aa-4a16-a2b0-7869cd4ccd01
162	80	large_check_size: important but missing contact data	website, linkedin_url, email, contact_source	Tony Xu	angel	USA	San Francisco, CA	Co-founder and CEO of DoorDash. Angel investor in marketplace and logistics startups.			https://twitter.com/t_xu		DoorDash	"site:linkedin.com/in ""Tony Xu"" investor"	"""Tony Xu"" investor official"	"""Tony Xu"" email investor"								3bde84d9-6ac0-4901-96ae-8b1fdf605a59
163	80	large_check_size: important but missing contact data	website, linkedin_url, email, contact_source	Nabeel Hyatt	vc	USA	Boston, MA	General Partner at Spark Capital. Led investments in Twitter, Tumblr, Discord, Wayfair.			https://twitter.com/nabeel		Twitter, Tumblr, Discord, Wayfair	"site:linkedin.com/in ""Nabeel Hyatt"" ""Spark Capital"""	"""Nabeel Hyatt"" ""Spark Capital"" investor"	"""Nabeel Hyatt"" email investor"								4d7f67b8-175f-4d2c-bfb3-d204c5997e33
164	80	large_check_size: important but missing contact data	website, linkedin_url, email, contact_source	Jeremy Liew	vc	USA	Menlo Park, CA	Partner at Lightspeed. First investor in Snapchat. Expert in consumer, gaming, crypto.			https://twitter.com/jeremyliew		Snapchat, Discord, Calm, Giphy	"site:linkedin.com/in ""Jeremy Liew"" ""Lightspeed"""	"""Jeremy Liew"" ""Lightspeed"" investor"	"""Jeremy Liew"" email investor"								9ac5aef2-384e-494d-8f02-6f58702fe681
165	80	large_check_size: important but missing contact data	website, linkedin_url, email, contact_source	Gaurav Gupta	vc	USA	Menlo Park, CA	Partner at Lightspeed. Expert in developer infrastructure and open source. Led investments in Grafana.			https://twitter.com/gg		Grafana, Hasura, Contentful	"site:linkedin.com/in ""Gaurav Gupta"" ""Lightspeed"""	"""Gaurav Gupta"" ""Lightspeed"" investor"	"""Gaurav Gupta"" email investor"								c01c46aa-7380-469f-9173-5040ddd2a01a
166	80	large_check_size: important but missing contact data	website, linkedin_url, email, contact_source	Albert Wenger	vc	USA	New York, NY	Managing Partner at USV. Expert in decentralization and climate. Wrote 'World After Capital'.			https://twitter.com/albertwenger		Etsy, Zynga, Tumblr, MongoDB	"site:linkedin.com/in ""Albert Wenger"" ""USV"""	"""Albert Wenger"" ""USV"" investor"	"""Albert Wenger"" email investor"								749f5d03-1ceb-4874-b0f0-d930a72f6581
167	80	large_check_size: important but missing contact data	website, linkedin_url, email, contact_source	Suranga Chandratillake	vc	UK	London	General Partner at Balderton Capital. Former founder of Blinkx. Expert in UK/European tech.			https://twitter.com/surangac		Revolut, Depop, Nutmeg	"site:linkedin.com/in ""Suranga Chandratillake"" ""Balderton Capital"""	"""Suranga Chandratillake"" ""Balderton Capital"" investor"	"""Suranga Chandratillake"" email investor"								5f010108-23ca-4b03-85f7-56182bc75691
168	80	large_check_size: important but missing contact data	website, linkedin_url, email, contact_source	Pär-Jorgen Parson	vc	Sweden	Stockholm	General Partner at Northzone. Early Klarna investor. Expert in Swedish startup ecosystem.			https://twitter.com/pjparson		Klarna, Spotify, Trustpilot	"site:linkedin.com/in ""Pär-Jorgen Parson"" ""Northzone"""	"""Pär-Jorgen Parson"" ""Northzone"" investor"	"""Pär-Jorgen Parson"" email investor"								3c903740-d3f0-4b4c-a438-f3cbe21d7801
169	80	large_check_size: important but missing contact data	website, linkedin_url, email, contact_source	Florian Heinemann	vc	Germany	Berlin	Co-founder of Project A. Former CMO of Zalando. Expert in digital marketing and growth.			https://twitter.com/florianheinemann		HelloFresh, Catawiki	"site:linkedin.com/company ""Florian Heinemann"""	"""Florian Heinemann"" investor official"	"""Florian Heinemann"" email investor"								f6303219-2df5-4e63-8ec0-efa5a465ee15
170	80	large_check_size: important but missing contact data	website, linkedin_url, email, contact_source	Jack Dorsey	angel	USA	San Francisco, CA	Co-founder of Twitter and Block (Square). Angel investor in fintech and decentralized tech.			https://twitter.com/jack		Twitter, Square, Bluesky	"site:linkedin.com/in ""Jack Dorsey"" investor"	"""Jack Dorsey"" investor official"	"""Jack Dorsey"" email investor"								555a6836-7174-4fd7-b4c8-11d664a9bb41
171	80	large_check_size: important but missing contact data	website, linkedin_url, email, contact_source	Joe Lonsdale	vc	USA	Austin, TX	Co-founder of Palantir and 8VC. Active investor in defense, biotech, and SaaS.			https://twitter.com/joelonsdale		Palantir, Addepar, OpenGov, Joby Aviation	"site:linkedin.com/company ""Joe Lonsdale"""	"""Joe Lonsdale"" investor official"	"""Joe Lonsdale"" email investor"								855598ea-f4ca-44f6-aa85-e0eb00474cc6
172	80	large_check_size: important but missing contact data	website, linkedin_url, email, contact_source	Brian Chesky	angel	USA	San Francisco, CA	Co-founder and CEO of Airbnb. Angel investor in consumer and marketplace companies.			https://twitter.com/bchesky		Airbnb	"site:linkedin.com/in ""Brian Chesky"" investor"	"""Brian Chesky"" investor official"	"""Brian Chesky"" email investor"								6273b5f7-9c4d-424b-8d51-f2d706186ea4
173	80	large_check_size: important but missing contact data	website, linkedin_url, email, contact_source	Melanie Perkins	angel	Australia	Sydney	Co-founder and CEO of Canva. Angel investor in design and creator tools.			https://twitter.com/melanieperkins		Canva	"site:linkedin.com/in ""Melanie Perkins"" investor"	"""Melanie Perkins"" investor official"	"""Melanie Perkins"" email investor"								91b3d109-0cee-4522-afe7-f03f2d49a8f6
174	80	large_check_size: important but missing contact data	website, linkedin_url, email, contact_source	Mike Cannon-Brookes	angel	Australia	Sydney	Co-founder of Atlassian. Active angel in Australian tech and climate.			https://twitter.com/mcannonbrookes		Atlassian, Grok Academy, Zoom	"site:linkedin.com/in ""Mike Cannon-Brookes"" investor"	"""Mike Cannon-Brookes"" investor official"	"""Mike Cannon-Brookes"" email investor"								8e469c1a-5310-43aa-abaa-c304885087cc
175	80	large_check_size: important but missing contact data	website, linkedin_url, email, contact_source	Stewart Butterfield	angel	USA	San Francisco, CA	Co-founder of Slack and Flickr. Angel investor in collaboration and consumer tools.			https://twitter.com/stewart		Slack, Flickr	"site:linkedin.com/in ""Stewart Butterfield"" investor"	"""Stewart Butterfield"" investor official"	"""Stewart Butterfield"" email investor"								07581d61-4f3b-4e2c-bf09-6f6e85ea9174
176	80	large_check_size: important but missing contact data	website, linkedin_url, email, contact_source	Eric Yuan	angel	USA	San Jose, CA	Founder and CEO of Zoom. Angel investor in video communication and enterprise tools.			https://twitter.com/ericsyuan		Zoom	"site:linkedin.com/in ""Eric Yuan"" investor"	"""Eric Yuan"" investor official"	"""Eric Yuan"" email investor"								4721987c-e080-4263-9b9a-f5d0945a0f2b
177	80	large_check_size: important but missing contact data	website, linkedin_url, email, contact_source	Fred Ehrsam	vc	USA	San Francisco, CA	Co-founder of Coinbase and Paradigm. Leading crypto-native VC with $2.5B fund.			https://twitter.com/fehrsam		Coinbase, FTX, Uniswap, dYdX	"site:linkedin.com/company ""Fred Ehrsam"""	"""Fred Ehrsam"" investor official"	"""Fred Ehrsam"" email investor"								053b94c0-33ed-4ff2-adaa-1a58a3cf6c61
178	80	large_check_size: important but missing contact data	website, linkedin_url, email, contact_source	Olaf Carlson-Wee	vc	USA	San Francisco, CA	Founder of Polychain Capital. First employee at Coinbase. Pioneer crypto hedge fund manager.			https://twitter.com/olafcw		Coinbase, Dfinity, Compound	"site:linkedin.com/in ""Olaf Carlson-Wee"" ""Coinbase"""	"""Olaf Carlson-Wee"" ""Coinbase"" investor"	"""Olaf Carlson-Wee"" email investor"								8d0cfac6-021e-4f47-9aa2-25fa39e5a16b
179	80	large_check_size: important but missing contact data	website, linkedin_url, email, contact_source	Nandan Nilekani	angel	India	Bengaluru	Co-founder of Infosys. Founder of Aadhaar. Active investor in Indian fintech and AI.			https://twitter.com/NandanNilekani		Infosys, Artoo, Uniphore	"site:linkedin.com/in ""Nandan Nilekani"" investor"	"""Nandan Nilekani"" investor official"	"""Nandan Nilekani"" email investor"								5d98bbb0-fae1-46fc-be21-42ea217af358
180	80	large_check_size: important but missing contact data	website, linkedin_url, email, contact_source	Noubar Afeyan	vc	USA	Cambridge, MA	Co-founder of Moderna and Flagship Pioneering. Builds breakthrough biotech companies.			https://twitter.com/noubarafeyan		Moderna, Invaio, Generate:Biomedicines	"site:linkedin.com/company ""Noubar Afeyan"""	"""Noubar Afeyan"" investor official"	"""Noubar Afeyan"" email investor"								ad0a6044-e43c-4b9f-8742-6b7d87b09781
181	80	large_check_size: important but missing contact data	website, linkedin_url, email, contact_source	Deborah Quazzo	vc	USA	Chicago, IL	Managing Partner at GSV Ventures. Pioneer in edtech investing. Chair of ASU+GSU Summit.			https://twitter.com/dquazzo		Coursera, Duolingo, Guild Education	"site:linkedin.com/in ""Deborah Quazzo"" ""GSV Ventures"""	"""Deborah Quazzo"" ""GSV Ventures"" investor"	"""Deborah Quazzo"" email investor"								227a19ba-8a5d-4343-9990-7e7af71cfe34
182	80	large_check_size: important but missing contact data	website, linkedin_url, email, contact_source	Josh Wolfe	vc	USA	New York, NY	Co-founder of Lux Capital. Expert in science-driven deep tech and frontier technology.			https://twitter.com/wolfejosh		Zoox, Orbital Insight, Anduril	"site:linkedin.com/company ""Josh Wolfe"""	"""Josh Wolfe"" investor official"	"""Josh Wolfe"" email investor"								065c6bdd-2a0f-44cd-9b71-1302dfc6db23
183	80	large_check_size: important but missing contact data	website, linkedin_url, email, contact_source	Frank Rotman	vc	USA	Alexandria, VA	Co-founder of QED Investors. Former Capital One. Leading fintech VC.			https://twitter.com/fintechjunkie		Credit Karma, SoFi, Avant, Nubank	"site:linkedin.com/company ""Frank Rotman"""	"""Frank Rotman"" investor official"	"""Frank Rotman"" email investor"								b25dfd2b-7ff1-4156-9f63-61c7e2367d5c
184	80	large_check_size: important but missing contact data	website, linkedin_url, email, contact_source	James Wise	vc	UK	London	Partner at Balderton Capital. Expert in deep tech, AI, and health. Led investments in Hinge Health.			https://twitter.com/jameswise		Hinge Health, Yoyo Wallet	"site:linkedin.com/in ""James Wise"" ""Balderton Capital"""	"""James Wise"" ""Balderton Capital"" investor"	"""James Wise"" email investor"								0de48618-b948-4983-acc2-c837017adaee
185	80	large_check_size: important but missing contact data	website, linkedin_url, email, contact_source	Neeraj Agrawal	vc	USA	Menlo Park, CA	General Partner at Battery Ventures. SaaS growth expert. Led investments in Bazaarvoice, ExactTarget.			https://twitter.com/neerajagrawal		Bazaarvoice, ExactTarget, Groupon	"site:linkedin.com/in ""Neeraj Agrawal"" ""Battery Ventures"""	"""Neeraj Agrawal"" ""Battery Ventures"" investor"	"""Neeraj Agrawal"" email investor"								232c8259-2bc0-46d3-b940-b9d9c709887e
186	80	large_check_size: important but missing contact data	website, linkedin_url, email, contact_source	Dana Stalder	vc	USA	San Francisco, CA	General Partner at Matrix Partners. Consumer and marketplace expert. Led investments in Lyft.			https://twitter.com/danastalder		Lyft, Zendesk, HubSpot	"site:linkedin.com/in ""Dana Stalder"" ""Matrix Partners"""	"""Dana Stalder"" ""Matrix Partners"" investor"	"""Dana Stalder"" email investor"								f646f92c-c5fb-4468-bdae-3c45f0e52992
187	80	large_check_size: important but missing contact data	website, linkedin_url, email, contact_source	Ev Williams	vc	USA	San Francisco, CA	Co-founder of Twitter, Blogger, Medium. Founder of Obvious Ventures. Impact and consumer investor.			https://twitter.com/ev		Twitter, Medium, Bloom Energy, Beyond Meat	"site:linkedin.com/company ""Ev Williams"""	"""Ev Williams"" investor official"	"""Ev Williams"" email investor"								dbba8f5f-0f35-4214-88e2-66201942ca95
188	80	large_check_size: important but missing contact data	website, linkedin_url, email, contact_source	Tom Tunguz	vc	USA	San Francisco, CA	General Partner at Theory Ventures. Former Redpoint. Data-driven VC. Author of influential SaaS blog.			https://twitter.com/ttunguz		Looker, Kustomer, Expensify	"site:linkedin.com/in ""Tom Tunguz"" ""Theory Ventures"""	"""Tom Tunguz"" ""Theory Ventures"" investor"	"""Tom Tunguz"" email investor"								fd09f5e7-f50c-4d9b-8588-4daf9c4235f8
189	80	large_check_size: important but missing contact data	website, linkedin_url, email, contact_source	Joe Floyd	vc	USA	San Mateo, CA	Partner at Emergence Capital. Expert in cloud and B2B AI applications.			https://twitter.com/joefloyd		Donut, Textio	"site:linkedin.com/in ""Joe Floyd"" ""Emergence Capital"""	"""Joe Floyd"" ""Emergence Capital"" investor"	"""Joe Floyd"" email investor"								f9f44633-6e75-4df2-9360-501acbdf721d
190	80	large_check_size: important but missing contact data	website, linkedin_url, email, contact_source	Jos White	vc	UK	London	Partner at Notion Capital. B2B SaaS specialist for European companies. Led investments in MessageLabs.			https://twitter.com/joswhite		MessageLabs, Currency Cloud	"site:linkedin.com/in ""Jos White"" ""Notion Capital"""	"""Jos White"" ""Notion Capital"" investor"	"""Jos White"" email investor"								77c05e6b-bcf3-40cc-b6d4-9aec1c27261c
191	80	large_check_size: important but missing contact data	website, linkedin_url, email, contact_source	Bob Kocher	vc	USA	Menlo Park, CA	Partner at Venrock. Former Obama White House health advisor. Digital health specialist.			https://twitter.com/bkocher		Livongo, Grand Rounds	"site:linkedin.com/in ""Bob Kocher"" ""Venrock"""	"""Bob Kocher"" ""Venrock"" investor"	"""Bob Kocher"" email investor"								5fc6d155-ba38-47e7-afd9-d976ade4dbbf
192	80	large_check_size: important but missing contact data	website, linkedin_url, email, contact_source	Santi Subotovsky	vc	USA	San Mateo, CA	General Partner at Emergence Capital. Expert in cloud AI and enterprise SaaS.			https://twitter.com/ssanto		Veeva, Salesforce, Zoom	"site:linkedin.com/in ""Santi Subotovsky"" ""Emergence Capital"""	"""Santi Subotovsky"" ""Emergence Capital"" investor"	"""Santi Subotovsky"" email investor"								a820098a-29f4-4c0b-8ff7-4468d5fb69bf
193	80	large_check_size: important but missing contact data	website, linkedin_url, email, contact_source	Vani Kola	vc	India	Bengaluru	Founder and MD of Kalaari Capital. Pioneer of Indian venture. Backed Snapdeal, Urban Ladder, Cure.fit.			https://twitter.com/vanikola		Snapdeal, Cure.fit, Urban Ladder, SUGAR Cosmetics	"site:linkedin.com/company ""Vani Kola"""	"""Vani Kola"" investor official"	"""Vani Kola"" email investor"								ada378f5-ef5c-4835-9706-b3a25ac4b55d
194	80	large_check_size: important but missing contact data	website, linkedin_url, email, contact_source	Marc Benioff	angel	USA	San Francisco, CA	CEO and Co-founder of Salesforce. Investor in enterprise SaaS and cloud companies.			https://twitter.com/benioff		Salesforce, Slack, Tableau	"site:linkedin.com/in ""Marc Benioff"" investor"	"""Marc Benioff"" investor official"	"""Marc Benioff"" email investor"								54a082d0-9324-407c-ad5f-6c8474b1150a
195	80	large_check_size: important but missing contact data	website, linkedin_url, email, contact_source	Jake Saper	vc	USA	San Mateo, CA	General Partner at Emergence Capital. Expert in AI-first SaaS and vertical software.			https://twitter.com/jakesaper		Donut, People.ai, Guru	"site:linkedin.com/in ""Jake Saper"" ""Emergence Capital"""	"""Jake Saper"" ""Emergence Capital"" investor"	"""Jake Saper"" email investor"								22081768-d627-4bf0-8781-a83e36d34501
196	80	large_check_size: important but missing contact data	website, linkedin_url, email, contact_source	Hans Tung	vc	USA	Menlo Park, CA	Managing Partner at GGV Capital. Expert in US-China cross-border tech investments.			https://twitter.com/hanstung		Xiaomi, Grab, Airbnb, Peloton, Wish	"site:linkedin.com/in ""Hans Tung"" ""GGV Capital"""	"""Hans Tung"" ""GGV Capital"" investor"	"""Hans Tung"" email investor"								cdcefe0d-52ca-4905-8101-ec218f8ca568
197	80	large_check_size: important but missing contact data	website, linkedin_url, email, contact_source	Paul Bassat	vc	Australia	Melbourne	Co-founder of Square Peg Capital. Founder of SEEK (AU/NZ job portal). Marketplace expert.			https://twitter.com/paulbassat		Canva, Fiverr	"site:linkedin.com/company ""Paul Bassat"""	"""Paul Bassat"" investor official"	"""Paul Bassat"" email investor"								809287f7-cdda-4fe1-b215-5f8d1ca6bca5
198	80	large_check_size: important but missing contact data	website, linkedin_url, email, contact_source	Kyle Samani	vc	USA	Austin, TX	Co-founder of Multicoin Capital. Expert in blockchain, crypto networks, and web3 infrastructure.			https://twitter.com/KyleSamani		Solana, FTX, Helium, The Graph	"site:linkedin.com/company ""Kyle Samani"""	"""Kyle Samani"" investor official"	"""Kyle Samani"" email investor"								b0873935-d049-42f0-be86-2a05a8be8fc6
199	80	large_check_size: important but missing contact data	website, linkedin_url, email, contact_source	Tushar Jain	vc	USA	Austin, TX	Co-founder of Multicoin Capital. Expert in crypto protocols and tokenomics.			https://twitter.com/TusharJain_		Solana, Helium, The Graph	"site:linkedin.com/company ""Tushar Jain"""	"""Tushar Jain"" investor official"	"""Tushar Jain"" email investor"								fb1170f5-8d05-45b3-9d92-efc8b27e51c9
200	80	large_check_size: important but missing contact data	website, linkedin_url, email, contact_source	Joel Monegro	vc	USA	New York, NY	Co-founder of Placeholder VC. Created the 'fat protocol' thesis in crypto. Pioneer crypto investor.			https://twitter.com/jmonegro		Filecoin, Decentraland	"site:linkedin.com/company ""Joel Monegro"""	"""Joel Monegro"" investor official"	"""Joel Monegro"" email investor"								22dcfd6b-95b8-4b9a-87ac-db2e830b487b
